match_id,date,team_id,opponent_name,opponent_id,team_season_id,team_img,opponent_season_id,opponent_img,location,result,orgId,nameOfficial,divisionRoman,athleticWebUrl,conferenceName,team_short,confAbbreviation,oppNameOfficial,oppDivision,oppConference,gender
5667147,08/30/2024,2,Baylor,51,585123,https://web2.ncaa.org/ncaa_style/img/All_Logos/sm//2.gif,585142,https://web2.ncaa.org/ncaa_style/img/All_Logos/sm//51.gif,away,L 0-3,2,Abilene Christian University,I,www.acusports.com,Western Athletic Conference,Abilene Christian,WAC,Baylor University,I,Big 12 Conference,W
5667387,08/30/2024,2,Campbell,115,585123,https://web2.ncaa.org/ncaa_style/img/All_Logos/sm//2.gif,585168,https://web2.ncaa.org/ncaa_style/img/All_Logos/sm//115.gif,away,W 3-1,2,Abilene Christian University,I,www.acusports.com,Western Athletic Conference,Abilene Christian,WAC,Campbell University,I,Coastal Athletic Association,W
5668117,09/01/2024,2,Tulsa,719,585123,https://web2.ncaa.org/ncaa_style/img/All_Logos/sm//2.gif,585333,https://web2.ncaa.org/ncaa_style/img/All_Logos/sm//719.gif,away,L 0-3,2,Abilene Christian University,I,www.acusports.com,Western Athletic Conference,Abilene Christian,WAC,The University of Tulsa,I,American Athletic Conference,W
5668543,09/06/2024,2,UIW,2743,585123,https://web2.ncaa.org/ncaa_style/img/All_Logos/sm//2.gif,585376,https://web2.ncaa.org/ncaa_style/img/All_Logos/sm//2743.gif,away,L 1-3,2,Abilene Christian University,I,www.acusports.com,Western Athletic Conference,Abilene Christian,WAC,University of the Incarnate Word,I,Southland Conference,W
5668950,09/06/2024,2,UTSA,706,585123,https://web2.ncaa.org/ncaa_style/img/All_Logos/sm//2.gif,585328,https://web2.ncaa.org/ncaa_style/img/All_Logos/sm//706.gif,away,L 0-3,2,Abilene Christian University,I,www.acusports.com,Western Athletic Conference,Abilene Christian,WAC,University of Texas at San Antonio,I,American Athletic Conference,W
5669125,09/07/2024,2,Holy Cross,285,585123,https://web2.ncaa.org/ncaa_style/img/All_Logos/sm//2.gif,585226,https://web2.ncaa.org/ncaa_style/img/All_Logos/sm//285.gif,away,W 3-0,2,Abilene Christian University,I,www.acusports.com,Western Athletic Conference,Abilene Christian,WAC,College of the Holy Cross,I,Patriot League,W
5670157,09/13/2024,2,Arizona,29,585123,https://web2.ncaa.org/ncaa_style/img/All_Logos/sm//2.gif,585134,https://web2.ncaa.org/ncaa_style/img/All_Logos/sm//29.gif,away,L 0-3,2,Abilene Christian University,I,www.acusports.com,Western Athletic Conference,Abilene Christian,WAC,University of Arizona,I,Big 12 Conference,W
5670599,09/13/2024,2,New Mexico St.,472,585123,https://web2.ncaa.org/ncaa_style/img/All_Logos/sm//2.gif,585296,https://web2.ncaa.org/ncaa_style/img/All_Logos/sm//472.gif,away,L 0-3,2,Abilene Christian University,I,www.acusports.com,Western Athletic Conference,Abilene Christian,WAC,New Mexico State University,I,Conference USA,W
5670082,09/15/2024,2,Texas Southern,699,585123,https://web2.ncaa.org/ncaa_style/img/All_Logos/sm//2.gif,585323,https://web2.ncaa.org/ncaa_style/img/All_Logos/sm//699.gif,away,W 3-0,2,Abilene Christian University,I,www.acusports.com,Western Athletic Conference,Abilene Christian,WAC,Texas Southern University,I,Southwestern Athletic Conf.,W
5671706,09/19/2024,2,Alabama A&M,6,585123,https://web2.ncaa.org/ncaa_style/img/All_Logos/sm//2.gif,585125,https://web2.ncaa.org/ncaa_style/img/All_Logos/sm//6.gif,home,W 3-0,2,Abilene Christian University,I,www.acusports.com,Western Athletic Conference,Abilene Christian,WAC,Alabama A&M University,I,Southwestern Athletic Conf.,W
5671975,09/20/2024,2,Oral Roberts,527,585123,https://web2.ncaa.org/ncaa_style/img/All_Logos/sm//2.gif,585401,https://web2.ncaa.org/ncaa_style/img/All_Logos/sm//527.gif,home,W 3-2,2,Abilene Christian University,I,www.acusports.com,Western Athletic Conference,Abilene Christian,WAC,Oral Roberts University,I,The Summit League,W
5672998,09/26/2024,2,Utah Tech,30095,585123,https://web2.ncaa.org/ncaa_style/img/All_Logos/sm//2.gif,585456,https://web2.ncaa.org/ncaa_style/img/All_Logos/sm//30095.gif,away,L 0-3,2,Abilene Christian University,I,www.acusports.com,Western Athletic Conference,Abilene Christian,WAC,Utah Tech University,I,Western Athletic Conference,W
5673492,09/28/2024,2,Southern Utah,667,585123,https://web2.ncaa.org/ncaa_style/img/All_Logos/sm//2.gif,585452,https://web2.ncaa.org/ncaa_style/img/All_Logos/sm//667.gif,away,L 0-3,2,Abilene Christian University,I,www.acusports.com,Western Athletic Conference,Abilene Christian,WAC,Southern Utah University,I,Western Athletic Conference,W
5674125,10/03/2024,2,California Baptist,30135,585123,https://web2.ncaa.org/ncaa_style/img/All_Logos/sm//2.gif,585122,https://web2.ncaa.org/ncaa_style/img/All_Logos/sm//30135.gif,home,W 3-2,2,Abilene Christian University,I,www.acusports.com,Western Athletic Conference,Abilene Christian,WAC,California Baptist University,I,Western Athletic Conference,W
5674516,10/05/2024,2,Seattle U,1356,585123,https://web2.ncaa.org/ncaa_style/img/All_Logos/sm//2.gif,585371,https://web2.ncaa.org/ncaa_style/img/All_Logos/sm//1356.gif,home,W 3-2,2,Abilene Christian University,I,www.acusports.com,Western Athletic Conference,Abilene Christian,WAC,Seattle University,I,Western Athletic Conference,W
5675262,10/10/2024,2,Tarleton St.,1395,585123,https://web2.ncaa.org/ncaa_style/img/All_Logos/sm//2.gif,585308,https://web2.ncaa.org/ncaa_style/img/All_Logos/sm//1395.gif,away,W 3-2,2,Abilene Christian University,I,www.acusports.com,Western Athletic Conference,Abilene Christian,WAC,Tarleton State University,I,Western Athletic Conference,W
5675747,10/12/2024,2,UT Arlington,702,585123,https://web2.ncaa.org/ncaa_style/img/All_Logos/sm//2.gif,585325,https://web2.ncaa.org/ncaa_style/img/All_Logos/sm//702.gif,home,L 0-3,2,Abilene Christian University,I,www.acusports.com,Western Athletic Conference,Abilene Christian,WAC,University of Texas at Arlington,I,Western Athletic Conference,W
5676350,10/17/2024,2,Utah Valley,30024,585123,https://web2.ncaa.org/ncaa_style/img/All_Logos/sm//2.gif,585120,https://web2.ncaa.org/ncaa_style/img/All_Logos/sm//30024.gif,away,L 0-3,2,Abilene Christian University,I,www.acusports.com,Western Athletic Conference,Abilene Christian,WAC,Utah Valley University,I,Western Athletic Conference,W
5676833,10/19/2024,2,Seattle U,1356,585123,https://web2.ncaa.org/ncaa_style/img/All_Logos/sm//2.gif,585371,https://web2.ncaa.org/ncaa_style/img/All_Logos/sm//1356.gif,away,L 1-3,2,Abilene Christian University,I,www.acusports.com,Western Athletic Conference,Abilene Christian,WAC,Seattle University,I,Western Athletic Conference,W
5677464,10/24/2024,2,Utah Tech,30095,585123,https://web2.ncaa.org/ncaa_style/img/All_Logos/sm//2.gif,585456,https://web2.ncaa.org/ncaa_style/img/All_Logos/sm//30095.gif,home,L 0-3,2,Abilene Christian University,I,www.acusports.com,Western Athletic Conference,Abilene Christian,WAC,Utah Tech University,I,Western Athletic Conference,W
5678299,10/28/2024,2,Tarleton St.,1395,585123,https://web2.ncaa.org/ncaa_style/img/All_Logos/sm//2.gif,585308,https://web2.ncaa.org/ncaa_style/img/All_Logos/sm//1395.gif,home,L 1-3,2,Abilene Christian University,I,www.acusports.com,Western Athletic Conference,Abilene Christian,WAC,Tarleton State University,I,Western Athletic Conference,W
5678552,10/31/2024,2,Grand Canyon,1104,585123,https://web2.ncaa.org/ncaa_style/img/All_Logos/sm//2.gif,585368,https://web2.ncaa.org/ncaa_style/img/All_Logos/sm//1104.gif,home,L 0-3,2,Abilene Christian University,I,www.acusports.com,Western Athletic Conference,Abilene Christian,WAC,Grand Canyon University,I,Western Athletic Conference,W
5679396,11/04/2024,2,UT Arlington,702,585123,https://web2.ncaa.org/ncaa_style/img/All_Logos/sm//2.gif,585325,https://web2.ncaa.org/ncaa_style/img/All_Logos/sm//702.gif,away,L 0-3,2,Abilene Christian University,I,www.acusports.com,Western Athletic Conference,Abilene Christian,WAC,University of Texas at Arlington,I,Western Athletic Conference,W
5679598,11/07/2024,2,Utah Valley,30024,585123,https://web2.ncaa.org/ncaa_style/img/All_Logos/sm//2.gif,585120,https://web2.ncaa.org/ncaa_style/img/All_Logos/sm//30024.gif,home,L 2-3,2,Abilene Christian University,I,www.acusports.com,Western Athletic Conference,Abilene Christian,WAC,Utah Valley University,I,Western Athletic Conference,W
5680048,11/09/2024,2,Southern Utah,667,585123,https://web2.ncaa.org/ncaa_style/img/All_Logos/sm//2.gif,585452,https://web2.ncaa.org/ncaa_style/img/All_Logos/sm//667.gif,home,W 3-2,2,Abilene Christian University,I,www.acusports.com,Western Athletic Conference,Abilene Christian,WAC,Southern Utah University,I,Western Athletic Conference,W
5680470,11/14/2024,2,Grand Canyon,1104,585123,https://web2.ncaa.org/ncaa_style/img/All_Logos/sm//2.gif,585368,https://web2.ncaa.org/ncaa_style/img/All_Logos/sm//1104.gif,away,W 3-1,2,Abilene Christian University,I,www.acusports.com,Western Athletic Conference,Abilene Christian,WAC,Grand Canyon University,I,Western Athletic Conference,W
5680727,11/16/2024,2,California Baptist,30135,585123,https://web2.ncaa.org/ncaa_style/img/All_Logos/sm//2.gif,585122,https://web2.ncaa.org/ncaa_style/img/All_Logos/sm//30135.gif,away,L 0-3,2,Abilene Christian University,I,www.acusports.com,Western Athletic Conference,Abilene Christian,WAC,California Baptist University,I,Western Athletic Conference,W
5835674,11/21/2024,2,UT Arlington 2024 WAC WVB Championships,,585123,https://web2.ncaa.org/ncaa_style/img/All_Logos/sm//2.gif,,,away,L 0-3,2,Abilene Christian University,I,www.acusports.com,Western Athletic Conference,Abilene Christian,WAC,,,,W
5668416,09/06/2024,30123,Chico St.,95,585685,https://web2.ncaa.org/ncaa_style/img/All_Logos/sm//30123.gif,585735,https://web2.ncaa.org/ncaa_style/img/All_Logos/sm//95.gif,away,L 0-3,30123,Academy of Art University,II,www.artuathletics.com,Pacific West Conference,Academy of Art,PWC,"California State University, Chico",II,California Collegiate Athletic Association,W
5668965,09/06/2024,30123,Fresno Pacific,30147,585685,https://web2.ncaa.org/ncaa_style/img/All_Logos/sm//30123.gif,585698,https://web2.ncaa.org/ncaa_style/img/All_Logos/sm//30147.gif,away,L 0-3,30123,Academy of Art University,II,www.artuathletics.com,Pacific West Conference,Academy of Art,PWC,Fresno Pacific University,II,Pacific West Conference,W
5669236,09/07/2024,30123,Stanislaus St.,103,585685,https://web2.ncaa.org/ncaa_style/img/All_Logos/sm//30123.gif,585738,https://web2.ncaa.org/ncaa_style/img/All_Logos/sm//103.gif,away,L 0-3,30123,Academy of Art University,II,www.artuathletics.com,Pacific West Conference,Academy of Art,PWC,"California State University, Stanislaus",II,California Collegiate Athletic Association,W
5697351,09/07/2024,30123,Jessup,30262,585685,https://web2.ncaa.org/ncaa_style/img/All_Logos/sm//30123.gif,595002,https://web2.ncaa.org/ncaa_style/img/All_Logos/sm//30262.gif,away,L 0-3,30123,Academy of Art University,II,www.artuathletics.com,Pacific West Conference,Academy of Art,PWC,Jessup University ,II,Pacific West Conference,W
5670122,09/13/2024,30123,Tex. A&M-Kingsville,696,585685,https://web2.ncaa.org/ncaa_style/img/All_Logos/sm//30123.gif,585535,https://web2.ncaa.org/ncaa_style/img/All_Logos/sm//696.gif,away,L 0-3,30123,Academy of Art University,II,www.artuathletics.com,Pacific West Conference,Academy of Art,PWC,Texas A&M University-Kingsville,II,Lone Star Conference,W
5670228,09/13/2024,30123,Western N.M.,1445,585685,https://web2.ncaa.org/ncaa_style/img/All_Logos/sm//30123.gif,585605,https://web2.ncaa.org/ncaa_style/img/All_Logos/sm//1445.gif,away,W 3-1,30123,Academy of Art University,II,www.artuathletics.com,Pacific West Conference,Academy of Art,PWC,Western New Mexico University,II,Lone Star Conference,W
5670692,09/14/2024,30123,Western Colo.,2759,585685,https://web2.ncaa.org/ncaa_style/img/All_Logos/sm//30123.gif,585616,https://web2.ncaa.org/ncaa_style/img/All_Logos/sm//2759.gif,away,L 1-3,30123,Academy of Art University,II,www.artuathletics.com,Pacific West Conference,Academy of Art,PWC,Western Colorado University,II,Rocky Mountain Athletic Conference,W
5670999,09/14/2024,30123,Fort Lewis,1083,585685,https://web2.ncaa.org/ncaa_style/img/All_Logos/sm//30123.gif,585571,https://web2.ncaa.org/ncaa_style/img/All_Logos/sm//1083.gif,away,L 0-3,30123,Academy of Art University,II,www.artuathletics.com,Pacific West Conference,Academy of Art,PWC,Fort Lewis College,II,Rocky Mountain Athletic Conference,W
5671686,09/19/2024,30123,Hawaii Hilo,2697,585685,https://web2.ncaa.org/ncaa_style/img/All_Logos/sm//30123.gif,585612,https://web2.ncaa.org/ncaa_style/img/All_Logos/sm//2697.gif,away,W 3-2,30123,Academy of Art University,II,www.artuathletics.com,Pacific West Conference,Academy of Art,PWC,University of Hawaii at Hilo,II,Pacific West Conference,W
5672135,09/21/2024,30123,Hawaii Pacific,2696,585685,https://web2.ncaa.org/ncaa_style/img/All_Logos/sm//30123.gif,585611,https://web2.ncaa.org/ncaa_style/img/All_Logos/sm//2696.gif,away,W 3-0,30123,Academy of Art University,II,www.artuathletics.com,Pacific West Conference,Academy of Art,PWC,Hawaii Pacific University,II,Pacific West Conference,W
5672984,09/26/2024,30123,Dominican (CA),30118,585685,https://web2.ncaa.org/ncaa_style/img/All_Logos/sm//30123.gif,585682,https://web2.ncaa.org/ncaa_style/img/All_Logos/sm//30118.gif,away,L 1-3,30123,Academy of Art University,II,www.artuathletics.com,Pacific West Conference,Academy of Art,PWC,Dominican University of California,II,Pacific West Conference,W
5673810,09/29/2024,30123,Chaminade,133,585685,https://web2.ncaa.org/ncaa_style/img/All_Logos/sm//30123.gif,585741,https://web2.ncaa.org/ncaa_style/img/All_Logos/sm//133.gif,home,L 1-3,30123,Academy of Art University,II,www.artuathletics.com,Pacific West Conference,Academy of Art,PWC,Chaminade University,II,Pacific West Conference,W
5673946,10/01/2024,30123,Hawaii Hilo,2697,585685,https://web2.ncaa.org/ncaa_style/img/All_Logos/sm//30123.gif,585612,https://web2.ncaa.org/ncaa_style/img/All_Logos/sm//2697.gif,home,L 1-3,30123,Academy of Art University,II,www.artuathletics.com,Pacific West Conference,Academy of Art,PWC,University of Hawaii at Hilo,II,Pacific West Conference,W
5674731,10/05/2024,30123,Hawaii Pacific,2696,585685,https://web2.ncaa.org/ncaa_style/img/All_Logos/sm//30123.gif,585611,https://web2.ncaa.org/ncaa_style/img/All_Logos/sm//2696.gif,home,W 3-2,30123,Academy of Art University,II,www.artuathletics.com,Pacific West Conference,Academy of Art,PWC,Hawaii Pacific University,II,Pacific West Conference,W
5675157,10/09/2024,30123,CUI,30199,585685,https://web2.ncaa.org/ncaa_style/img/All_Logos/sm//30123.gif,585712,https://web2.ncaa.org/ncaa_style/img/All_Logos/sm//30199.gif,home,L 1-3,30123,Academy of Art University,II,www.artuathletics.com,Pacific West Conference,Academy of Art,PWC,Concordia University Irvine,II,Pacific West Conference,W
5675495,10/11/2024,30123,Vanguard,30263,585685,https://web2.ncaa.org/ncaa_style/img/All_Logos/sm//30123.gif,596067,https://web2.ncaa.org/ncaa_style/img/All_Logos/sm//30263.gif,home,W 3-1,30123,Academy of Art University,II,www.artuathletics.com,Pacific West Conference,Academy of Art,PWC,Vanguard University ,II,Pacific West Conference,W
5675818,10/12/2024,30123,Point Loma,30149,585685,https://web2.ncaa.org/ncaa_style/img/All_Logos/sm//30123.gif,585699,https://web2.ncaa.org/ncaa_style/img/All_Logos/sm//30149.gif,home,L 1-3,30123,Academy of Art University,II,www.artuathletics.com,Pacific West Conference,Academy of Art,PWC,Point Loma Nazarene University,II,Pacific West Conference,W
5677115,10/19/2024,30123,Menlo,405,585685,https://web2.ncaa.org/ncaa_style/img/All_Logos/sm//30123.gif,594871,https://web2.ncaa.org/ncaa_style/img/All_Logos/sm//405.gif,away,L 1-3,30123,Academy of Art University,II,www.artuathletics.com,Pacific West Conference,Academy of Art,PWC,Menlo College,II,Pacific West Conference,W
5677250,10/22/2024,30123,Fresno Pacific,30147,585685,https://web2.ncaa.org/ncaa_style/img/All_Logos/sm//30123.gif,585698,https://web2.ncaa.org/ncaa_style/img/All_Logos/sm//30147.gif,home,L 0-3,30123,Academy of Art University,II,www.artuathletics.com,Pacific West Conference,Academy of Art,PWC,Fresno Pacific University,II,Pacific West Conference,W
5680113,10/24/2024,30123,Jessup,30262,585685,https://web2.ncaa.org/ncaa_style/img/All_Logos/sm//30123.gif,595002,https://web2.ncaa.org/ncaa_style/img/All_Logos/sm//30262.gif,home,L 0-3,30123,Academy of Art University,II,www.artuathletics.com,Pacific West Conference,Academy of Art,PWC,Jessup University ,II,Pacific West Conference,W
5678037,10/26/2024,30123,Menlo,405,585685,https://web2.ncaa.org/ncaa_style/img/All_Logos/sm//30123.gif,594871,https://web2.ncaa.org/ncaa_style/img/All_Logos/sm//405.gif,home,L 0-3,30123,Academy of Art University,II,www.artuathletics.com,Pacific West Conference,Academy of Art,PWC,Menlo College,II,Pacific West Conference,W
5678626,11/01/2024,30123,Biola,30220,585685,https://web2.ncaa.org/ncaa_style/img/All_Logos/sm//30123.gif,585641,https://web2.ncaa.org/ncaa_style/img/All_Logos/sm//30220.gif,away,W 3-0,30123,Academy of Art University,II,www.artuathletics.com,Pacific West Conference,Academy of Art,PWC,Biola University,II,Pacific West Conference,W
5679107,11/02/2024,30123,Westmont,30260,585685,https://web2.ncaa.org/ncaa_style/img/All_Logos/sm//30123.gif,585721,https://web2.ncaa.org/ncaa_style/img/All_Logos/sm//30260.gif,away,L 2-3,30123,Academy of Art University,II,www.artuathletics.com,Pacific West Conference,Academy of Art,PWC,Westmont College,II,Pacific West Conference,W
5677457,11/09/2024,30123,Jessup,30262,585685,https://web2.ncaa.org/ncaa_style/img/All_Logos/sm//30123.gif,595002,https://web2.ncaa.org/ncaa_style/img/All_Logos/sm//30262.gif,away,L 0-3,30123,Academy of Art University,II,www.artuathletics.com,Pacific West Conference,Academy of Art,PWC,Jessup University ,II,Pacific West Conference,W
5680483,11/13/2024,30123,Dominican (CA),30118,585685,https://web2.ncaa.org/ncaa_style/img/All_Logos/sm//30123.gif,585682,https://web2.ncaa.org/ncaa_style/img/All_Logos/sm//30118.gif,home,L 1-3,30123,Academy of Art University,II,www.artuathletics.com,Pacific West Conference,Academy of Art,PWC,Dominican University of California,II,Pacific West Conference,W
5680800,11/16/2024,30123,Fresno Pacific,,585685,https://web2.ncaa.org/ncaa_style/img/All_Logos/sm//30123.gif,,,away,L 0-3,30123,Academy of Art University,II,www.artuathletics.com,Pacific West Conference,Academy of Art,PWC,,,,W
5680994,11/22/2024,30123,Azusa Pacific,,585685,https://web2.ncaa.org/ncaa_style/img/All_Logos/sm//30123.gif,,,away,L 1-3,30123,Academy of Art University,II,www.artuathletics.com,Pacific West Conference,Academy of Art,PWC,,,,W
5681043,11/23/2024,30123,Vanguard,,585685,https://web2.ncaa.org/ncaa_style/img/All_Logos/sm//30123.gif,,,away,L 0-3,30123,Academy of Art University,II,www.artuathletics.com,Pacific West Conference,Academy of Art,PWC,,,,W
5668375,09/05/2024,929,Midwestern St.,1222,585549,https://web2.ncaa.org/ncaa_style/img/All_Logos/sm//929.gif,585584,https://web2.ncaa.org/ncaa_style/img/All_Logos/sm//1222.gif,away,L 0-3,929,Adams State University,II,www.asugrizzlies.com,Rocky Mountain Athletic Conference,Adams St.,RMAC,Midwestern State University,II,Lone Star Conference,W
5668462,09/06/2024,929,Western N.M.,1445,585549,https://web2.ncaa.org/ncaa_style/img/All_Logos/sm//929.gif,585605,https://web2.ncaa.org/ncaa_style/img/All_Logos/sm//1445.gif,away,W 3-0,929,Adams State University,II,www.asugrizzlies.com,Rocky Mountain Athletic Conference,Adams St.,RMAC,Western New Mexico University,II,Lone Star Conference,W
5668617,09/06/2024,929,Northwestern Okla.,30178,585549,https://web2.ncaa.org/ncaa_style/img/All_Logos/sm//929.gif,585706,https://web2.ncaa.org/ncaa_style/img/All_Logos/sm//30178.gif,away,L 0-3,929,Adams State University,II,www.asugrizzlies.com,Rocky Mountain Athletic Conference,Adams St.,RMAC,Northwestern Oklahoma State University,II,Great American Conference,W
5669322,09/07/2024,929,Southern Ark.,1376,585549,https://web2.ncaa.org/ncaa_style/img/All_Logos/sm//929.gif,585600,https://web2.ncaa.org/ncaa_style/img/All_Logos/sm//1376.gif,away,L 1-3,929,Adams State University,II,www.asugrizzlies.com,Rocky Mountain Athletic Conference,Adams St.,RMAC,Southern Arkansas University,II,Great American Conference,W
5669908,09/11/2024,929,Tex. A&M-Kingsville,696,585549,https://web2.ncaa.org/ncaa_style/img/All_Logos/sm//929.gif,585535,https://web2.ncaa.org/ncaa_style/img/All_Logos/sm//696.gif,home,W 3-1,929,Adams State University,II,www.asugrizzlies.com,Rocky Mountain Athletic Conference,Adams St.,RMAC,Texas A&M University-Kingsville,II,Lone Star Conference,W
5670105,09/13/2024,929,Angelo St.,25,585549,https://web2.ncaa.org/ncaa_style/img/All_Logos/sm//929.gif,585660,https://web2.ncaa.org/ncaa_style/img/All_Logos/sm//25.gif,away,L 0-3,929,Adams State University,II,www.asugrizzlies.com,Rocky Mountain Athletic Conference,Adams St.,RMAC,Angelo State University,II,Lone Star Conference,W
5670268,09/13/2024,929,Cal St. Dom. Hills,92,585549,https://web2.ncaa.org/ncaa_style/img/All_Logos/sm//929.gif,585732,https://web2.ncaa.org/ncaa_style/img/All_Logos/sm//92.gif,away,L 1-3,929,Adams State University,II,www.asugrizzlies.com,Rocky Mountain Athletic Conference,Adams St.,RMAC,"California State University, Dominguez Hills",II,California Collegiate Athletic Association,W
5670823,09/14/2024,929,MSU Moorhead,1240,585549,https://web2.ncaa.org/ncaa_style/img/All_Logos/sm//929.gif,585586,https://web2.ncaa.org/ncaa_style/img/All_Logos/sm//1240.gif,away,L 1-3,929,Adams State University,II,www.asugrizzlies.com,Rocky Mountain Athletic Conference,Adams St.,RMAC,Minnesota State University Moorhead,II,Northern Sun Intercollegiate Conference,W
5671171,09/14/2024,929,Cal Poly Humboldt,291,585549,https://web2.ncaa.org/ncaa_style/img/All_Logos/sm//929.gif,585479,https://web2.ncaa.org/ncaa_style/img/All_Logos/sm//291.gif,away,L 0-3,929,Adams State University,II,www.asugrizzlies.com,Rocky Mountain Athletic Conference,Adams St.,RMAC,"California State Polytechnic University, Humboldt",II,California Collegiate Athletic Association,W
5671952,09/20/2024,929,N.M. Highlands,8577,585549,https://web2.ncaa.org/ncaa_style/img/All_Logos/sm//929.gif,585620,https://web2.ncaa.org/ncaa_style/img/All_Logos/sm//8577.gif,away,L 2-3,929,Adams State University,II,www.asugrizzlies.com,Rocky Mountain Athletic Conference,Adams St.,RMAC,New Mexico Highlands University,II,Rocky Mountain Athletic Conference,W
5672762,09/24/2024,929,CSU Pueblo,2720,585549,https://web2.ncaa.org/ncaa_style/img/All_Logos/sm//929.gif,585613,https://web2.ncaa.org/ncaa_style/img/All_Logos/sm//2720.gif,home,L 1-3,929,Adams State University,II,www.asugrizzlies.com,Rocky Mountain Athletic Conference,Adams St.,RMAC,Colorado State University Pueblo,II,Rocky Mountain Athletic Conference,W
5673139,09/27/2024,929,South Dakota Mines,30139,585549,https://web2.ncaa.org/ncaa_style/img/All_Logos/sm//929.gif,585694,https://web2.ncaa.org/ncaa_style/img/All_Logos/sm//30139.gif,home,L 2-3,929,Adams State University,II,www.asugrizzlies.com,Rocky Mountain Athletic Conference,Adams St.,RMAC,South Dakota School of Mines & Technology,II,Rocky Mountain Athletic Conference,W
5673769,09/28/2024,929,Black Hills St.,30134,585549,https://web2.ncaa.org/ncaa_style/img/All_Logos/sm//929.gif,585691,https://web2.ncaa.org/ncaa_style/img/All_Logos/sm//30134.gif,home,W 3-2,929,Adams State University,II,www.asugrizzlies.com,Rocky Mountain Athletic Conference,Adams St.,RMAC,Black Hills State University,II,Rocky Mountain Athletic Conference,W
5673894,10/01/2024,929,N.M. Highlands,8577,585549,https://web2.ncaa.org/ncaa_style/img/All_Logos/sm//929.gif,585620,https://web2.ncaa.org/ncaa_style/img/All_Logos/sm//8577.gif,home,W 3-0,929,Adams State University,II,www.asugrizzlies.com,Rocky Mountain Athletic Conference,Adams St.,RMAC,New Mexico Highlands University,II,Rocky Mountain Athletic Conference,W
5674256,10/04/2024,929,Fort Lewis,1083,585549,https://web2.ncaa.org/ncaa_style/img/All_Logos/sm//929.gif,585571,https://web2.ncaa.org/ncaa_style/img/All_Logos/sm//1083.gif,home,L 2-3,929,Adams State University,II,www.asugrizzlies.com,Rocky Mountain Athletic Conference,Adams St.,RMAC,Fort Lewis College,II,Rocky Mountain Athletic Conference,W
5675395,10/11/2024,929,Westminster (UT),30209,585549,https://web2.ncaa.org/ncaa_style/img/All_Logos/sm//929.gif,585714,https://web2.ncaa.org/ncaa_style/img/All_Logos/sm//30209.gif,away,L 0-3,929,Adams State University,II,www.asugrizzlies.com,Rocky Mountain Athletic Conference,Adams St.,RMAC,Westminster University (Utah),II,Rocky Mountain Athletic Conference,W
5675926,10/12/2024,929,Colorado Mesa,11416,585549,https://web2.ncaa.org/ncaa_style/img/All_Logos/sm//929.gif,585639,https://web2.ncaa.org/ncaa_style/img/All_Logos/sm//11416.gif,away,L 1-3,929,Adams State University,II,www.asugrizzlies.com,Rocky Mountain Athletic Conference,Adams St.,RMAC,Colorado Mesa University,II,Rocky Mountain Athletic Conference,W
5676513,10/18/2024,929,Colo. Christian,11403,585549,https://web2.ncaa.org/ncaa_style/img/All_Logos/sm//929.gif,585638,https://web2.ncaa.org/ncaa_style/img/All_Logos/sm//11403.gif,home,L 0-3,929,Adams State University,II,www.asugrizzlies.com,Rocky Mountain Athletic Conference,Adams St.,RMAC,Colorado Christian University,II,Rocky Mountain Athletic Conference,W
5677094,10/19/2024,929,Chadron St.,1012,585549,https://web2.ncaa.org/ncaa_style/img/All_Logos/sm//929.gif,585560,https://web2.ncaa.org/ncaa_style/img/All_Logos/sm//1012.gif,home,W 3-0,929,Adams State University,II,www.asugrizzlies.com,Rocky Mountain Athletic Conference,Adams St.,RMAC,Chadron State College,II,Rocky Mountain Athletic Conference,W
5677210,10/22/2024,929,Fort Lewis,1083,585549,https://web2.ncaa.org/ncaa_style/img/All_Logos/sm//929.gif,585571,https://web2.ncaa.org/ncaa_style/img/All_Logos/sm//1083.gif,away,W 3-1,929,Adams State University,II,www.asugrizzlies.com,Rocky Mountain Athletic Conference,Adams St.,RMAC,Fort Lewis College,II,Rocky Mountain Athletic Conference,W
5677697,10/25/2024,929,MSU Denver,413,585549,https://web2.ncaa.org/ncaa_style/img/All_Logos/sm//929.gif,585498,https://web2.ncaa.org/ncaa_style/img/All_Logos/sm//413.gif,away,L 0-3,929,Adams State University,II,www.asugrizzlies.com,Rocky Mountain Athletic Conference,Adams St.,RMAC,Metropolitan State University of Denver,II,Rocky Mountain Athletic Conference,W
5678170,10/26/2024,929,Colo. Sch. of Mines,155,585549,https://web2.ncaa.org/ncaa_style/img/All_Logos/sm//929.gif,585744,https://web2.ncaa.org/ncaa_style/img/All_Logos/sm//155.gif,away,W 3-0,929,Adams State University,II,www.asugrizzlies.com,Rocky Mountain Athletic Conference,Adams St.,RMAC,Colorado School of Mines,II,Rocky Mountain Athletic Conference,W
5678544,10/31/2024,929,UC-Colo. Springs,9754,585549,https://web2.ncaa.org/ncaa_style/img/All_Logos/sm//929.gif,585635,https://web2.ncaa.org/ncaa_style/img/All_Logos/sm//9754.gif,away,W 3-1,929,Adams State University,II,www.asugrizzlies.com,Rocky Mountain Athletic Conference,Adams St.,RMAC,"University of Colorado, Colorado Springs",II,Rocky Mountain Athletic Conference,W
5678780,11/01/2024,929,Fort Lewis,1083,585549,https://web2.ncaa.org/ncaa_style/img/All_Logos/sm//929.gif,585571,https://web2.ncaa.org/ncaa_style/img/All_Logos/sm//1083.gif,away,W 3-0,929,Adams State University,II,www.asugrizzlies.com,Rocky Mountain Athletic Conference,Adams St.,RMAC,Fort Lewis College,II,Rocky Mountain Athletic Conference,W
5679582,11/07/2024,929,Western Colo.,2759,585549,https://web2.ncaa.org/ncaa_style/img/All_Logos/sm//929.gif,585616,https://web2.ncaa.org/ncaa_style/img/All_Logos/sm//2759.gif,home,W 3-0,929,Adams State University,II,www.asugrizzlies.com,Rocky Mountain Athletic Conference,Adams St.,RMAC,Western Colorado University,II,Rocky Mountain Athletic Conference,W
5680664,11/15/2024,929,Regis (CO),568,585549,https://web2.ncaa.org/ncaa_style/img/All_Logos/sm//929.gif,585519,https://web2.ncaa.org/ncaa_style/img/All_Logos/sm//568.gif,away,W 3-2,929,Adams State University,II,www.asugrizzlies.com,Rocky Mountain Athletic Conference,Adams St.,RMAC,Regis University (Colorado),II,Rocky Mountain Athletic Conference,W
5680813,11/16/2024,929,UC-Colo. Springs,9754,585549,https://web2.ncaa.org/ncaa_style/img/All_Logos/sm//929.gif,585635,https://web2.ncaa.org/ncaa_style/img/All_Logos/sm//9754.gif,away,L 2-3,929,Adams State University,II,www.asugrizzlies.com,Rocky Mountain Athletic Conference,Adams St.,RMAC,"University of Colorado, Colorado Springs",II,Rocky Mountain Athletic Conference,W
5668352,09/05/2024,3,Wayne St. (NE),1433,585654,https://web2.ncaa.org/ncaa_style/img/All_Logos/sm//3.gif,585602,https://web2.ncaa.org/ncaa_style/img/All_Logos/sm//1433.gif,away,L 0-3,3,Adelphi University,II,www.aupanthers.com,Northeast-10 Conference,Adelphi,NE-10,Wayne State College (Nebraska),II,Northern Sun Intercollegiate Conference,W
5668531,09/06/2024,3,Saint Leo,608,585654,https://web2.ncaa.org/ncaa_style/img/All_Logos/sm//3.gif,585525,https://web2.ncaa.org/ncaa_style/img/All_Logos/sm//608.gif,away,L 2-3,3,Adelphi University,II,www.aupanthers.com,Northeast-10 Conference,Adelphi,NE-10,Saint Leo University,II,Sunshine State Conference,W
5669003,09/06/2024,3,Eckerd,208,585654,https://web2.ncaa.org/ncaa_style/img/All_Logos/sm//3.gif,585467,https://web2.ncaa.org/ncaa_style/img/All_Logos/sm//208.gif,away,L 1-3,3,Adelphi University,II,www.aupanthers.com,Northeast-10 Conference,Adelphi,NE-10,Eckerd College,II,Sunshine State Conference,W
5669069,09/07/2024,3,Emory & Henry,216,585654,https://web2.ncaa.org/ncaa_style/img/All_Logos/sm//3.gif,585719,https://web2.ncaa.org/ncaa_style/img/All_Logos/sm//216.gif,away,W 3-2,3,Adelphi University,II,www.aupanthers.com,Northeast-10 Conference,Adelphi,NE-10,Emory & Henry University,II,South Atlantic Conference,W
5669779,09/10/2024,3,Holy Family,1126,585654,https://web2.ncaa.org/ncaa_style/img/All_Logos/sm//3.gif,585577,https://web2.ncaa.org/ncaa_style/img/All_Logos/sm//1126.gif,away,W 3-0,3,Adelphi University,II,www.aupanthers.com,Northeast-10 Conference,Adelphi,NE-10,Holy Family University,II,Central Atlantic Collegiate Conference,W
5670229,09/13/2024,3,Shippensburg,638,585654,https://web2.ncaa.org/ncaa_style/img/All_Logos/sm//3.gif,585530,https://web2.ncaa.org/ncaa_style/img/All_Logos/sm//638.gif,away,W 3-1,3,Adelphi University,II,www.aupanthers.com,Northeast-10 Conference,Adelphi,NE-10,Shippensburg University of Pennsylvania,II,Pennsylvania State Athletic Conference,W
5670621,09/13/2024,3,Ashland,35,585654,https://web2.ncaa.org/ncaa_style/img/All_Logos/sm//3.gif,585661,https://web2.ncaa.org/ncaa_style/img/All_Logos/sm//35.gif,away,L 0-3,3,Adelphi University,II,www.aupanthers.com,Northeast-10 Conference,Adelphi,NE-10,Ashland University,II,Great Midwest Athletic Conference,W
5670828,09/14/2024,3,Lock Haven,360,585654,https://web2.ncaa.org/ncaa_style/img/All_Logos/sm//3.gif,585493,https://web2.ncaa.org/ncaa_style/img/All_Logos/sm//360.gif,away,W 3-0,3,Adelphi University,II,www.aupanthers.com,Northeast-10 Conference,Adelphi,NE-10,Lock Haven University of Pennsylvania,II,Pennsylvania State Athletic Conference,W
5671173,09/14/2024,3,West Virginia St.,1439,585654,https://web2.ncaa.org/ncaa_style/img/All_Logos/sm//3.gif,585604,https://web2.ncaa.org/ncaa_style/img/All_Logos/sm//1439.gif,away,L 1-3,3,Adelphi University,II,www.aupanthers.com,Northeast-10 Conference,Adelphi,NE-10,West Virginia State University,II,Mountain East Conference,W
5671490,09/17/2024,3,Queens (NY),560,585654,https://web2.ncaa.org/ncaa_style/img/All_Logos/sm//3.gif,585517,https://web2.ncaa.org/ncaa_style/img/All_Logos/sm//560.gif,home,W 3-1,3,Adelphi University,II,www.aupanthers.com,Northeast-10 Conference,Adelphi,NE-10,Queens College (New York),II,East Coast Conference,W
5671984,09/20/2024,3,Lewis,354,585654,https://web2.ncaa.org/ncaa_style/img/All_Logos/sm//3.gif,585489,https://web2.ncaa.org/ncaa_style/img/All_Logos/sm//354.gif,home,L 0-3,3,Adelphi University,II,www.aupanthers.com,Northeast-10 Conference,Adelphi,NE-10,Lewis University,II,Great Lakes Valley Conference,W
5672530,09/21/2024,3,Wilmington (DE),1460,585654,https://web2.ncaa.org/ncaa_style/img/All_Logos/sm//3.gif,585608,https://web2.ncaa.org/ncaa_style/img/All_Logos/sm//1460.gif,home,W 3-0,3,Adelphi University,II,www.aupanthers.com,Northeast-10 Conference,Adelphi,NE-10,Wilmington University (Delaware),II,Central Atlantic Collegiate Conference,W
5672833,09/24/2024,3,Mercy,407,585654,https://web2.ncaa.org/ncaa_style/img/All_Logos/sm//3.gif,585496,https://web2.ncaa.org/ncaa_style/img/All_Logos/sm//407.gif,away,W 3-0,3,Adelphi University,II,www.aupanthers.com,Northeast-10 Conference,Adelphi,NE-10,Mercy University,II,East Coast Conference,W
5672985,09/26/2024,3,Caldwell,995,585654,https://web2.ncaa.org/ncaa_style/img/All_Logos/sm//3.gif,585554,https://web2.ncaa.org/ncaa_style/img/All_Logos/sm//995.gif,away,W 3-0,3,Adelphi University,II,www.aupanthers.com,Northeast-10 Conference,Adelphi,NE-10,Caldwell University,II,Central Atlantic Collegiate Conference,W
5673881,09/30/2024,3,Bridgeport,74,585654,https://web2.ncaa.org/ncaa_style/img/All_Logos/sm//3.gif,585730,https://web2.ncaa.org/ncaa_style/img/All_Logos/sm//74.gif,home,W 3-1,3,Adelphi University,II,www.aupanthers.com,Northeast-10 Conference,Adelphi,NE-10,University of Bridgeport,II,Central Atlantic Collegiate Conference,W
5674643,10/05/2024,3,American Int'l,22,585654,https://web2.ncaa.org/ncaa_style/img/All_Logos/sm//3.gif,585659,https://web2.ncaa.org/ncaa_style/img/All_Logos/sm//22.gif,away,L 0-3,3,Adelphi University,II,www.aupanthers.com,Northeast-10 Conference,Adelphi,NE-10,American International College,II,Northeast-10 Conference,W
5675083,10/08/2024,3,Pace,533,585654,https://web2.ncaa.org/ncaa_style/img/All_Logos/sm//3.gif,585513,https://web2.ncaa.org/ncaa_style/img/All_Logos/sm//533.gif,home,W 3-0,3,Adelphi University,II,www.aupanthers.com,Northeast-10 Conference,Adelphi,NE-10,Pace University,II,Northeast-10 Conference,W
5675314,10/10/2024,3,Georgian Court,9004,585654,https://web2.ncaa.org/ncaa_style/img/All_Logos/sm//3.gif,585627,https://web2.ncaa.org/ncaa_style/img/All_Logos/sm//9004.gif,home,W 3-1,3,Adelphi University,II,www.aupanthers.com,Northeast-10 Conference,Adelphi,NE-10,Georgian Court University,II,Central Atlantic Collegiate Conference,W
5675753,10/12/2024,3,Bentley,56,585654,https://web2.ncaa.org/ncaa_style/img/All_Logos/sm//3.gif,585728,https://web2.ncaa.org/ncaa_style/img/All_Logos/sm//56.gif,away,W 3-1,3,Adelphi University,II,www.aupanthers.com,Northeast-10 Conference,Adelphi,NE-10,Bentley University,II,Northeast-10 Conference,W
5676200,10/15/2024,3,Assumption,36,585654,https://web2.ncaa.org/ncaa_style/img/All_Logos/sm//3.gif,585662,https://web2.ncaa.org/ncaa_style/img/All_Logos/sm//36.gif,home,W 3-0,3,Adelphi University,II,www.aupanthers.com,Northeast-10 Conference,Adelphi,NE-10,Assumption University,II,Northeast-10 Conference,W
5676746,10/19/2024,3,St. Anselm,593,585654,https://web2.ncaa.org/ncaa_style/img/All_Logos/sm//3.gif,585522,https://web2.ncaa.org/ncaa_style/img/All_Logos/sm//593.gif,away,W 3-1,3,Adelphi University,II,www.aupanthers.com,Northeast-10 Conference,Adelphi,NE-10,Saint Anselm College,II,Northeast-10 Conference,W
5677279,10/22/2024,3,Molloy,437,585654,https://web2.ncaa.org/ncaa_style/img/All_Logos/sm//3.gif,585506,https://web2.ncaa.org/ncaa_style/img/All_Logos/sm//437.gif,away,W 3-2,3,Adelphi University,II,www.aupanthers.com,Northeast-10 Conference,Adelphi,NE-10,Molloy University,II,East Coast Conference,W
5677963,10/26/2024,3,Franklin Pierce,241,585654,https://web2.ncaa.org/ncaa_style/img/All_Logos/sm//3.gif,585475,https://web2.ncaa.org/ncaa_style/img/All_Logos/sm//241.gif,home,W 3-0,3,Adelphi University,II,www.aupanthers.com,Northeast-10 Conference,Adelphi,NE-10,Franklin Pierce University,II,Northeast-10 Conference,W
5678367,10/29/2024,3,New Haven,470,585654,https://web2.ncaa.org/ncaa_style/img/All_Logos/sm//3.gif,585508,https://web2.ncaa.org/ncaa_style/img/All_Logos/sm//470.gif,away,L 1-3,3,Adelphi University,II,www.aupanthers.com,Northeast-10 Conference,Adelphi,NE-10,University of New Haven,II,Northeast-10 Conference,W
5679386,11/04/2024,3,Bloomfield,984,585654,https://web2.ncaa.org/ncaa_style/img/All_Logos/sm//3.gif,585552,https://web2.ncaa.org/ncaa_style/img/All_Logos/sm//984.gif,away,W 3-0,3,Adelphi University,II,www.aupanthers.com,Northeast-10 Conference,Adelphi,NE-10,Bloomfield College,II,Central Atlantic Collegiate Conference,W
5679653,11/07/2024,3,Jefferson,543,585654,https://web2.ncaa.org/ncaa_style/img/All_Logos/sm//3.gif,585515,https://web2.ncaa.org/ncaa_style/img/All_Logos/sm//543.gif,home,W 3-0,3,Adelphi University,II,www.aupanthers.com,Northeast-10 Conference,Adelphi,NE-10,Thomas Jefferson University,II,Central Atlantic Collegiate Conference,W
5680074,11/09/2024,3,Saint Michael's,613,585654,https://web2.ncaa.org/ncaa_style/img/All_Logos/sm//3.gif,585526,https://web2.ncaa.org/ncaa_style/img/All_Logos/sm//613.gif,away,W 3-0,3,Adelphi University,II,www.aupanthers.com,Northeast-10 Conference,Adelphi,NE-10,Saint Michael's College,II,Northeast-10 Conference,W
5680397,11/12/2024,3,Southern Conn. St.,658,585654,https://web2.ncaa.org/ncaa_style/img/All_Logos/sm//3.gif,585533,https://web2.ncaa.org/ncaa_style/img/All_Logos/sm//658.gif,home,W 3-0,3,Adelphi University,II,www.aupanthers.com,Northeast-10 Conference,Adelphi,NE-10,Southern Connecticut State University,II,Northeast-10 Conference,W
5680598,11/15/2024,3,Southern N.H.,468,585654,https://web2.ncaa.org/ncaa_style/img/All_Logos/sm//3.gif,585507,https://web2.ncaa.org/ncaa_style/img/All_Logos/sm//468.gif,home,W 3-1,3,Adelphi University,II,www.aupanthers.com,Northeast-10 Conference,Adelphi,NE-10,Southern New Hampshire University,II,Northeast-10 Conference,W
5835374,11/19/2024,3,Pace,533,585654,https://web2.ncaa.org/ncaa_style/img/All_Logos/sm//3.gif,585513,https://web2.ncaa.org/ncaa_style/img/All_Logos/sm//533.gif,home,W 3-0,3,Adelphi University,II,www.aupanthers.com,Northeast-10 Conference,Adelphi,NE-10,Pace University,II,Northeast-10 Conference,W
5835848,11/22/2024,3,American Int'l,22,585654,https://web2.ncaa.org/ncaa_style/img/All_Logos/sm//3.gif,585659,https://web2.ncaa.org/ncaa_style/img/All_Logos/sm//22.gif,away,L 1-3,3,Adelphi University,II,www.aupanthers.com,Northeast-10 Conference,Adelphi,NE-10,American International College,II,Northeast-10 Conference,W
6058254,12/05/2024,3,New Haven,470,585654,https://web2.ncaa.org/ncaa_style/img/All_Logos/sm//3.gif,585508,https://web2.ncaa.org/ncaa_style/img/All_Logos/sm//470.gif,away,W 3-2,3,Adelphi University,II,www.aupanthers.com,Northeast-10 Conference,Adelphi,NE-10,University of New Haven,II,Northeast-10 Conference,W
6080807,12/06/2024,3,Bentley,56,585654,https://web2.ncaa.org/ncaa_style/img/All_Logos/sm//3.gif,585728,https://web2.ncaa.org/ncaa_style/img/All_Logos/sm//56.gif,away,L 1-3,3,Adelphi University,II,www.aupanthers.com,Northeast-10 Conference,Adelphi,NE-10,Bentley University,II,Northeast-10 Conference,W
5667583,08/30/2024,4,Carroll (WI),120,586135,https://web2.ncaa.org/ncaa_style/img/All_Logos/sm//4.gif,585908,https://web2.ncaa.org/ncaa_style/img/All_Logos/sm//120.gif,away,W 3-2,4,Adrian College,III,www.adrianbulldogs.com,Midwest Collegiate Volleyball League,Adrian,,,,,M
5667790,08/31/2024,4,Wis.-La Crosse,795,586135,https://web2.ncaa.org/ncaa_style/img/All_Logos/sm//4.gif,585948,https://web2.ncaa.org/ncaa_style/img/All_Logos/sm//795.gif,away,W 3-1,4,Adrian College,III,www.adrianbulldogs.com,Midwest Collegiate Volleyball League,Adrian,,,,,M
5667914,08/31/2024,4,Illinois Col.,297,586135,https://web2.ncaa.org/ncaa_style/img/All_Logos/sm//4.gif,586052,https://web2.ncaa.org/ncaa_style/img/All_Logos/sm//297.gif,away,L 2-3,4,Adrian College,III,www.adrianbulldogs.com,Midwest Collegiate Volleyball League,Adrian,,,,,M
5668200,09/03/2024,4,Defiance,,586135,https://web2.ncaa.org/ncaa_style/img/All_Logos/sm//4.gif,,,home,Canceled,4,Adrian College,III,www.adrianbulldogs.com,Midwest Collegiate Volleyball League,Adrian,,,,,M
5668773,09/06/2024,4,CWRU,122,586135,https://web2.ncaa.org/ncaa_style/img/All_Logos/sm//4.gif,585910,https://web2.ncaa.org/ncaa_style/img/All_Logos/sm//122.gif,away,L 0-3,4,Adrian College,III,www.adrianbulldogs.com,Midwest Collegiate Volleyball League,Adrian,,,,,M
5669155,09/07/2024,4,Baldwin Wallace,46,586135,https://web2.ncaa.org/ncaa_style/img/All_Logos/sm//4.gif,586151,https://web2.ncaa.org/ncaa_style/img/All_Logos/sm//46.gif,away,L 1-3,4,Adrian College,III,www.adrianbulldogs.com,Midwest Collegiate Volleyball League,Adrian,,Baldwin Wallace University,III,Midwest Collegiate Volleyball League,M
5669418,09/07/2024,4,Muskingum,455,586135,https://web2.ncaa.org/ncaa_style/img/All_Logos/sm//4.gif,585749,https://web2.ncaa.org/ncaa_style/img/All_Logos/sm//455.gif,away,L 0-3,4,Adrian College,III,www.adrianbulldogs.com,Midwest Collegiate Volleyball League,Adrian,,,,,M
5671056,09/14/2024,4,North Park,496,586135,https://web2.ncaa.org/ncaa_style/img/All_Logos/sm//4.gif,585760,https://web2.ncaa.org/ncaa_style/img/All_Logos/sm//496.gif,away,L 0-3,4,Adrian College,III,www.adrianbulldogs.com,Midwest Collegiate Volleyball League,Adrian,,North Park University,III,College Conference of Illinois & Wisconsin,M
5671248,09/14/2024,4,IIT,30172,586135,https://web2.ncaa.org/ncaa_style/img/All_Logos/sm//4.gif,586127,https://web2.ncaa.org/ncaa_style/img/All_Logos/sm//30172.gif,away,L 0-3,4,Adrian College,III,www.adrianbulldogs.com,Midwest Collegiate Volleyball League,Adrian,,Illinois Institute of Technology,III,Northern Athletics Collegiate Conference,M
5672112,09/20/2024,4,Hiram,281,586135,https://web2.ncaa.org/ncaa_style/img/All_Logos/sm//4.gif,586047,https://web2.ncaa.org/ncaa_style/img/All_Logos/sm//281.gif,home,W 3-2,4,Adrian College,III,www.adrianbulldogs.com,Midwest Collegiate Volleyball League,Adrian,,Hiram College,III,Allegheny Mountain Collegiate Conference,M
5673099,09/27/2024,4,Earlham,195,586135,https://web2.ncaa.org/ncaa_style/img/All_Logos/sm//4.gif,586018,https://web2.ncaa.org/ncaa_style/img/All_Logos/sm//195.gif,away,L 0-3,4,Adrian College,III,www.adrianbulldogs.com,Midwest Collegiate Volleyball League,Adrian,,,,,M
5673121,09/27/2024,4,Otterbein,531,586135,https://web2.ncaa.org/ncaa_style/img/All_Logos/sm//4.gif,585770,https://web2.ncaa.org/ncaa_style/img/All_Logos/sm//531.gif,away,Canceled,4,Adrian College,III,www.adrianbulldogs.com,Midwest Collegiate Volleyball League,Adrian,,,,,M
5673947,10/01/2024,4,Olivet,525,586135,https://web2.ncaa.org/ncaa_style/img/All_Logos/sm//4.gif,585767,https://web2.ncaa.org/ncaa_style/img/All_Logos/sm//525.gif,away,W 3-1,4,Adrian College,III,www.adrianbulldogs.com,Midwest Collegiate Volleyball League,Adrian,,The University of Olivet ,III,Midwest Collegiate Volleyball League,M
5674391,10/04/2024,4,Siena Heights,,586135,https://web2.ncaa.org/ncaa_style/img/All_Logos/sm//4.gif,,,away,L 0-3,4,Adrian College,III,www.adrianbulldogs.com,Midwest Collegiate Volleyball League,Adrian,,,,,M
5674685,10/05/2024,4,Alma,21,586135,https://web2.ncaa.org/ncaa_style/img/All_Logos/sm//4.gif,586141,https://web2.ncaa.org/ncaa_style/img/All_Logos/sm//21.gif,home,W 3-0,4,Adrian College,III,www.adrianbulldogs.com,Midwest Collegiate Volleyball League,Adrian,,,,,M
5675160,10/09/2024,4,Hope,286,586135,https://web2.ncaa.org/ncaa_style/img/All_Logos/sm//4.gif,586049,https://web2.ncaa.org/ncaa_style/img/All_Logos/sm//286.gif,away,L 0-3,4,Adrian College,III,www.adrianbulldogs.com,Midwest Collegiate Volleyball League,Adrian,,,,,M
5676166,10/15/2024,4,Trine,30037,586135,https://web2.ncaa.org/ncaa_style/img/All_Logos/sm//4.gif,585904,https://web2.ncaa.org/ncaa_style/img/All_Logos/sm//30037.gif,home,L 2-3,4,Adrian College,III,www.adrianbulldogs.com,Midwest Collegiate Volleyball League,Adrian,,Trine University,III,Midwest Collegiate Volleyball League,M
5676624,10/18/2024,4,Calvin,114,586135,https://web2.ncaa.org/ncaa_style/img/All_Logos/sm//4.gif,585748,https://web2.ncaa.org/ncaa_style/img/All_Logos/sm//114.gif,away,L 0-3,4,Adrian College,III,www.adrianbulldogs.com,Midwest Collegiate Volleyball League,Adrian,,Calvin University,III,Midwest Collegiate Volleyball League,M
5677416,10/23/2024,4,St. Mary's (IN),8688,586135,https://web2.ncaa.org/ncaa_style/img/All_Logos/sm//4.gif,585864,https://web2.ncaa.org/ncaa_style/img/All_Logos/sm//8688.gif,home,W 3-1,4,Adrian College,III,www.adrianbulldogs.com,Midwest Collegiate Volleyball League,Adrian,,,,,M
5679543,11/06/2024,4,Kalamazoo,326,586135,https://web2.ncaa.org/ncaa_style/img/All_Logos/sm//4.gif,586062,https://web2.ncaa.org/ncaa_style/img/All_Logos/sm//326.gif,home,W 3-1,4,Adrian College,III,www.adrianbulldogs.com,Midwest Collegiate Volleyball League,Adrian,,,,,M
5679830,11/08/2024,4,Albion,15,586135,https://web2.ncaa.org/ncaa_style/img/All_Logos/sm//4.gif,586136,https://web2.ncaa.org/ncaa_style/img/All_Logos/sm//15.gif,home,L 2-3,4,Adrian College,III,www.adrianbulldogs.com,Midwest Collegiate Volleyball League,Adrian,,,,,M
5834560,11/12/2024,4,Trine,30037,586135,https://web2.ncaa.org/ncaa_style/img/All_Logos/sm//4.gif,585904,https://web2.ncaa.org/ncaa_style/img/All_Logos/sm//30037.gif,away,L 1-3,4,Adrian College,III,www.adrianbulldogs.com,Midwest Collegiate Volleyball League,Adrian,,Trine University,III,Midwest Collegiate Volleyball League,M
5668454,09/06/2024,22,Lewis,354,585659,https://web2.ncaa.org/ncaa_style/img/All_Logos/sm//22.gif,585489,https://web2.ncaa.org/ncaa_style/img/All_Logos/sm//354.gif,away,L 1-3,22,American International College,II,aicyellowjackets.com,East Coast Conference,American Int'l,ECC,Lewis University,II,Midwestern Intercollegiate Volleyball Association,M
5668943,09/06/2024,22,Fla. Southern,233,585659,https://web2.ncaa.org/ncaa_style/img/All_Logos/sm//22.gif,585473,https://web2.ncaa.org/ncaa_style/img/All_Logos/sm//233.gif,away,L 0-3,22,American International College,II,aicyellowjackets.com,East Coast Conference,American Int'l,ECC,,,,M
5669509,09/07/2024,22,Palm Beach Atl.,30045,585659,https://web2.ncaa.org/ncaa_style/img/All_Logos/sm//22.gif,585668,https://web2.ncaa.org/ncaa_style/img/All_Logos/sm//30045.gif,away,L 0-3,22,American International College,II,aicyellowjackets.com,East Coast Conference,American Int'l,ECC,,,,M
5669915,09/11/2024,22,Post,1318,585659,https://web2.ncaa.org/ncaa_style/img/All_Logos/sm//22.gif,585593,https://web2.ncaa.org/ncaa_style/img/All_Logos/sm//1318.gif,away,W 3-2,22,American International College,II,aicyellowjackets.com,East Coast Conference,American Int'l,ECC,,,,M
5670265,09/13/2024,22,New Haven,470,585659,https://web2.ncaa.org/ncaa_style/img/All_Logos/sm//22.gif,585508,https://web2.ncaa.org/ncaa_style/img/All_Logos/sm//470.gif,away,L 2-3,22,American International College,II,aicyellowjackets.com,East Coast Conference,American Int'l,ECC,,,,M
5670577,09/13/2024,22,Bentley,56,585659,https://web2.ncaa.org/ncaa_style/img/All_Logos/sm//22.gif,585728,https://web2.ncaa.org/ncaa_style/img/All_Logos/sm//56.gif,away,L 2-3,22,American International College,II,aicyellowjackets.com,East Coast Conference,American Int'l,ECC,,,,M
5671193,09/14/2024,22,Daemen,30174,585659,https://web2.ncaa.org/ncaa_style/img/All_Logos/sm//22.gif,585704,https://web2.ncaa.org/ncaa_style/img/All_Logos/sm//30174.gif,away,L 0-3,22,American International College,II,aicyellowjackets.com,East Coast Conference,American Int'l,ECC,Daemen University,II,Northeast Conference,M
5673366,09/27/2024,22,Southern N.H.,468,585659,https://web2.ncaa.org/ncaa_style/img/All_Logos/sm//22.gif,585507,https://web2.ncaa.org/ncaa_style/img/All_Logos/sm//468.gif,home,W 3-0,22,American International College,II,aicyellowjackets.com,East Coast Conference,American Int'l,ECC,,,,M
5673126,09/27/2024,22,Saint Michael's,613,585659,https://web2.ncaa.org/ncaa_style/img/All_Logos/sm//22.gif,585526,https://web2.ncaa.org/ncaa_style/img/All_Logos/sm//613.gif,home,W 3-0,22,American International College,II,aicyellowjackets.com,East Coast Conference,American Int'l,ECC,,,,M
5673088,09/28/2024,22,Bridgeport,74,585659,https://web2.ncaa.org/ncaa_style/img/All_Logos/sm//22.gif,585730,https://web2.ncaa.org/ncaa_style/img/All_Logos/sm//74.gif,home,W 3-0,22,American International College,II,aicyellowjackets.com,East Coast Conference,American Int'l,ECC,,,,M
5674643,10/05/2024,22,Adelphi,3,585659,https://web2.ncaa.org/ncaa_style/img/All_Logos/sm//22.gif,585654,https://web2.ncaa.org/ncaa_style/img/All_Logos/sm//3.gif,home,W 3-0,22,American International College,II,aicyellowjackets.com,East Coast Conference,American Int'l,ECC,,,,M
5675087,10/08/2024,22,Franklin Pierce,241,585659,https://web2.ncaa.org/ncaa_style/img/All_Logos/sm//22.gif,585475,https://web2.ncaa.org/ncaa_style/img/All_Logos/sm//241.gif,away,W 3-0,22,American International College,II,aicyellowjackets.com,East Coast Conference,American Int'l,ECC,,,,M
5675343,10/11/2024,22,Roberts Wesleyan,30150,585659,https://web2.ncaa.org/ncaa_style/img/All_Logos/sm//22.gif,585700,https://web2.ncaa.org/ncaa_style/img/All_Logos/sm//30150.gif,home,W 3-0,22,American International College,II,aicyellowjackets.com,East Coast Conference,American Int'l,ECC,Roberts Wesleyan University,II,East Coast Conference,M
5676027,10/12/2024,22,Saint Michael's,613,585659,https://web2.ncaa.org/ncaa_style/img/All_Logos/sm//22.gif,585526,https://web2.ncaa.org/ncaa_style/img/All_Logos/sm//613.gif,home,W 3-0,22,American International College,II,aicyellowjackets.com,East Coast Conference,American Int'l,ECC,,,,M
5676211,10/15/2024,22,Southern N.H.,468,585659,https://web2.ncaa.org/ncaa_style/img/All_Logos/sm//22.gif,585507,https://web2.ncaa.org/ncaa_style/img/All_Logos/sm//468.gif,away,W 3-1,22,American International College,II,aicyellowjackets.com,East Coast Conference,American Int'l,ECC,,,,M
5678219,10/26/2024,22,New Haven,470,585659,https://web2.ncaa.org/ncaa_style/img/All_Logos/sm//22.gif,585508,https://web2.ncaa.org/ncaa_style/img/All_Logos/sm//470.gif,home,W 3-2,22,American International College,II,aicyellowjackets.com,East Coast Conference,American Int'l,ECC,,,,M
5678394,10/29/2024,22,Bentley,56,585659,https://web2.ncaa.org/ncaa_style/img/All_Logos/sm//22.gif,585728,https://web2.ncaa.org/ncaa_style/img/All_Logos/sm//56.gif,home,W 3-2,22,American International College,II,aicyellowjackets.com,East Coast Conference,American Int'l,ECC,,,,M
5678741,11/01/2024,22,St. Anselm,593,585659,https://web2.ncaa.org/ncaa_style/img/All_Logos/sm//22.gif,585522,https://web2.ncaa.org/ncaa_style/img/All_Logos/sm//593.gif,away,W 3-0,22,American International College,II,aicyellowjackets.com,East Coast Conference,American Int'l,ECC,,,,M
5679540,11/06/2024,22,Mercy,407,585659,https://web2.ncaa.org/ncaa_style/img/All_Logos/sm//22.gif,585496,https://web2.ncaa.org/ncaa_style/img/All_Logos/sm//407.gif,home,W 3-0,22,American International College,II,aicyellowjackets.com,East Coast Conference,American Int'l,ECC,,,,M
5679800,11/08/2024,22,Southern Conn. St.,658,585659,https://web2.ncaa.org/ncaa_style/img/All_Logos/sm//22.gif,585533,https://web2.ncaa.org/ncaa_style/img/All_Logos/sm//658.gif,away,W 3-0,22,American International College,II,aicyellowjackets.com,East Coast Conference,American Int'l,ECC,,,,M
5680371,11/12/2024,22,Assumption,36,585659,https://web2.ncaa.org/ncaa_style/img/All_Logos/sm//22.gif,585662,https://web2.ncaa.org/ncaa_style/img/All_Logos/sm//36.gif,away,W 3-0,22,American International College,II,aicyellowjackets.com,East Coast Conference,American Int'l,ECC,,,,M
5680754,11/16/2024,22,Pace,533,585659,https://web2.ncaa.org/ncaa_style/img/All_Logos/sm//22.gif,585513,https://web2.ncaa.org/ncaa_style/img/All_Logos/sm//533.gif,home,W 3-0,22,American International College,II,aicyellowjackets.com,East Coast Conference,American Int'l,ECC,,,,M
5835371,11/19/2024,22,Assumption,36,585659,https://web2.ncaa.org/ncaa_style/img/All_Logos/sm//22.gif,585662,https://web2.ncaa.org/ncaa_style/img/All_Logos/sm//36.gif,home,W 3-0,22,American International College,II,aicyellowjackets.com,East Coast Conference,American Int'l,ECC,,,,M
5835848,11/22/2024,22,Adelphi,3,585659,https://web2.ncaa.org/ncaa_style/img/All_Logos/sm//22.gif,585654,https://web2.ncaa.org/ncaa_style/img/All_Logos/sm//3.gif,home,W 3-1,22,American International College,II,aicyellowjackets.com,East Coast Conference,American Int'l,ECC,,,,M
5835847,11/23/2024,22,Bentley,56,585659,https://web2.ncaa.org/ncaa_style/img/All_Logos/sm//22.gif,585728,https://web2.ncaa.org/ncaa_style/img/All_Logos/sm//56.gif,home,W 3-1,22,American International College,II,aicyellowjackets.com,East Coast Conference,American Int'l,ECC,,,,M
6058253,12/05/2024,22,Mercy,407,585659,https://web2.ncaa.org/ncaa_style/img/All_Logos/sm//22.gif,585496,https://web2.ncaa.org/ncaa_style/img/All_Logos/sm//407.gif,away,W 3-0,22,American International College,II,aicyellowjackets.com,East Coast Conference,American Int'l,ECC,,,,M
6080806,12/06/2024,22,Georgian Court,9004,585659,https://web2.ncaa.org/ncaa_style/img/All_Logos/sm//22.gif,585627,https://web2.ncaa.org/ncaa_style/img/All_Logos/sm//9004.gif,away,W 3-0,22,American International College,II,aicyellowjackets.com,East Coast Conference,American Int'l,ECC,,,,M
6080805,12/07/2024,22,Bentley,56,585659,https://web2.ncaa.org/ncaa_style/img/All_Logos/sm//22.gif,585728,https://web2.ncaa.org/ncaa_style/img/All_Logos/sm//56.gif,away,L 2-3,22,American International College,II,aicyellowjackets.com,East Coast Conference,American Int'l,ECC,,,,M
5667416,08/30/2024,966,Gwynedd Mercy,12399,585967,https://web2.ncaa.org/ncaa_style/img/All_Logos/sm//966.gif,585876,https://web2.ncaa.org/ncaa_style/img/All_Logos/sm//12399.gif,home,W 3-0,966,Arcadia University,III,www.arcadiaknights.com/,Middle Atlantic Conferences,Arcadia,,,,,M
5667693,08/31/2024,966,Elizabethtown,211,585967,https://web2.ncaa.org/ncaa_style/img/All_Logos/sm//966.gif,586021,https://web2.ncaa.org/ncaa_style/img/All_Logos/sm//211.gif,home,L 2-3,966,Arcadia University,III,www.arcadiaknights.com/,Middle Atlantic Conferences,Arcadia,,Elizabethtown College,III,Continental Volleyball Conference,M
5667973,08/31/2024,966,East. Mennonite,203,585967,https://web2.ncaa.org/ncaa_style/img/All_Logos/sm//966.gif,586020,https://web2.ncaa.org/ncaa_style/img/All_Logos/sm//203.gif,home,W 3-0,966,Arcadia University,III,www.arcadiaknights.com/,Middle Atlantic Conferences,Arcadia,,Eastern Mennonite University,III,Old Dominion Athletic Conf.,M
5668275,09/04/2024,966,Bryn Mawr,82,585967,https://web2.ncaa.org/ncaa_style/img/All_Logos/sm//966.gif,586164,https://web2.ncaa.org/ncaa_style/img/All_Logos/sm//82.gif,home,W 3-0,966,Arcadia University,III,www.arcadiaknights.com/,Middle Atlantic Conferences,Arcadia,,,,,M
5668987,09/06/2024,966,Salisbury,622,585967,https://web2.ncaa.org/ncaa_style/img/All_Logos/sm//966.gif,585806,https://web2.ncaa.org/ncaa_style/img/All_Logos/sm//622.gif,away,L 0-3,966,Arcadia University,III,www.arcadiaknights.com/,Middle Atlantic Conferences,Arcadia,,,,,M
5669075,09/07/2024,966,Stevenson,21852,585967,https://web2.ncaa.org/ncaa_style/img/All_Logos/sm//966.gif,585886,https://web2.ncaa.org/ncaa_style/img/All_Logos/sm//21852.gif,away,L 0-3,966,Arcadia University,III,www.arcadiaknights.com/,Middle Atlantic Conferences,Arcadia,,Stevenson University,III,Middle Atlantic Conferences,M
5669487,09/07/2024,966,Gallaudet,245,585967,https://web2.ncaa.org/ncaa_style/img/All_Logos/sm//966.gif,586033,https://web2.ncaa.org/ncaa_style/img/All_Logos/sm//245.gif,away,L 1-3,966,Arcadia University,III,www.arcadiaknights.com/,Middle Atlantic Conferences,Arcadia,,Gallaudet University,III,United East Conference,M
5669939,09/11/2024,966,Montclair St.,442,585967,https://web2.ncaa.org/ncaa_style/img/All_Logos/sm//966.gif,586096,https://web2.ncaa.org/ncaa_style/img/All_Logos/sm//442.gif,away,L 2-3,966,Arcadia University,III,www.arcadiaknights.com/,Middle Atlantic Conferences,Arcadia,,,,,M
5670794,09/14/2024,966,York (PA),815,585967,https://web2.ncaa.org/ncaa_style/img/All_Logos/sm//966.gif,585961,https://web2.ncaa.org/ncaa_style/img/All_Logos/sm//815.gif,home,W 3-0,966,Arcadia University,III,www.arcadiaknights.com/,Middle Atlantic Conferences,Arcadia,,,,,M
5671146,09/14/2024,966,Haverford,276,585967,https://web2.ncaa.org/ncaa_style/img/All_Logos/sm//966.gif,585989,https://web2.ncaa.org/ncaa_style/img/All_Logos/sm//276.gif,home,L 0-3,966,Arcadia University,III,www.arcadiaknights.com/,Middle Atlantic Conferences,Arcadia,,,,,M
5672225,09/21/2024,966,Wm. Paterson,787,585967,https://web2.ncaa.org/ncaa_style/img/All_Logos/sm//966.gif,585945,https://web2.ncaa.org/ncaa_style/img/All_Logos/sm//787.gif,away,L 1-3,966,Arcadia University,III,www.arcadiaknights.com/,Middle Atlantic Conferences,Arcadia,,,,,M
5672394,09/21/2024,966,Vassar,737,585967,https://web2.ncaa.org/ncaa_style/img/All_Logos/sm//966.gif,585921,https://web2.ncaa.org/ncaa_style/img/All_Logos/sm//737.gif,away,W 3-1,966,Arcadia University,III,www.arcadiaknights.com/,Middle Atlantic Conferences,Arcadia,,Vassar College,III,United Volleyball Conference,M
5672940,09/25/2024,966,King's (PA),336,585967,https://web2.ncaa.org/ncaa_style/img/All_Logos/sm//966.gif,586066,https://web2.ncaa.org/ncaa_style/img/All_Logos/sm//336.gif,away,W 3-1,966,Arcadia University,III,www.arcadiaknights.com/,Middle Atlantic Conferences,Arcadia,,King's College (Pennsylvania),III,Middle Atlantic Conferences,M
5673209,09/27/2024,966,Penn College,30190,585967,https://web2.ncaa.org/ncaa_style/img/All_Logos/sm//966.gif,586129,https://web2.ncaa.org/ncaa_style/img/All_Logos/sm//30190.gif,home,W 3-0,966,Arcadia University,III,www.arcadiaknights.com/,Middle Atlantic Conferences,Arcadia,,,,,M
5673531,09/28/2024,966,Rutgers-Camden,588,585967,https://web2.ncaa.org/ncaa_style/img/All_Logos/sm//966.gif,585793,https://web2.ncaa.org/ncaa_style/img/All_Logos/sm//588.gif,away,W 3-1,966,Arcadia University,III,www.arcadiaknights.com/,Middle Atlantic Conferences,Arcadia,,,,,M
5673634,09/28/2024,966,Neumann,1254,585967,https://web2.ncaa.org/ncaa_style/img/All_Logos/sm//966.gif,585830,https://web2.ncaa.org/ncaa_style/img/All_Logos/sm//1254.gif,away,W 3-1,966,Arcadia University,III,www.arcadiaknights.com/,Middle Atlantic Conferences,Arcadia,,Neumann University,III,United East Conference,M
5673990,10/01/2024,966,Stevens,679,585967,https://web2.ncaa.org/ncaa_style/img/All_Logos/sm//966.gif,585818,https://web2.ncaa.org/ncaa_style/img/All_Logos/sm//679.gif,home,L 0-3,966,Arcadia University,III,www.arcadiaknights.com/,Middle Atlantic Conferences,Arcadia,,Stevens Institute of Technology,III,Middle Atlantic Conferences,M
5674779,10/05/2024,966,Moravian,443,585967,https://web2.ncaa.org/ncaa_style/img/All_Logos/sm//966.gif,586097,https://web2.ncaa.org/ncaa_style/img/All_Logos/sm//443.gif,away,L 1-3,966,Arcadia University,III,www.arcadiaknights.com/,Middle Atlantic Conferences,Arcadia,,,,,M
5674831,10/05/2024,966,Susquehanna,685,585967,https://web2.ncaa.org/ncaa_style/img/All_Logos/sm//966.gif,585821,https://web2.ncaa.org/ncaa_style/img/All_Logos/sm//685.gif,away,L 0-3,966,Arcadia University,III,www.arcadiaknights.com/,Middle Atlantic Conferences,Arcadia,,,,,M
5675195,10/09/2024,966,Lebanon Valley,351,585967,https://web2.ncaa.org/ncaa_style/img/All_Logos/sm//966.gif,586071,https://web2.ncaa.org/ncaa_style/img/All_Logos/sm//351.gif,home,L 1-3,966,Arcadia University,III,www.arcadiaknights.com/,Middle Atlantic Conferences,Arcadia,,,,,M
5675557,10/11/2024,966,Albright,16,585967,https://web2.ncaa.org/ncaa_style/img/All_Logos/sm//966.gif,586137,https://web2.ncaa.org/ncaa_style/img/All_Logos/sm//16.gif,home,L 0-3,966,Arcadia University,III,www.arcadiaknights.com/,Middle Atlantic Conferences,Arcadia,,,,,M
5676313,10/16/2024,966,FDU-Florham,221,585967,https://web2.ncaa.org/ncaa_style/img/All_Logos/sm//966.gif,586028,https://web2.ncaa.org/ncaa_style/img/All_Logos/sm//221.gif,away,W 3-1,966,Arcadia University,III,www.arcadiaknights.com/,Middle Atlantic Conferences,Arcadia,,,,,M
5677009,10/19/2024,966,Brooklyn,79,585967,https://web2.ncaa.org/ncaa_style/img/All_Logos/sm//966.gif,586163,https://web2.ncaa.org/ncaa_style/img/All_Logos/sm//79.gif,home,W 3-0,966,Arcadia University,III,www.arcadiaknights.com/,Middle Atlantic Conferences,Arcadia,,Brooklyn College,III,City University of New York Athletic Conference,M
5677370,10/23/2024,966,Delaware Valley,179,585967,https://web2.ncaa.org/ncaa_style/img/All_Logos/sm//966.gif,586014,https://web2.ncaa.org/ncaa_style/img/All_Logos/sm//179.gif,away,W 3-1,966,Arcadia University,III,www.arcadiaknights.com/,Middle Atlantic Conferences,Arcadia,,,,,M
5678081,10/26/2024,966,Wilkes,784,585967,https://web2.ncaa.org/ncaa_style/img/All_Logos/sm//966.gif,585943,https://web2.ncaa.org/ncaa_style/img/All_Logos/sm//784.gif,away,W 3-1,966,Arcadia University,III,www.arcadiaknights.com/,Middle Atlantic Conferences,Arcadia,,Wilkes University,III,Continental Volleyball Conference,M
5678149,10/26/2024,966,Drew,190,585967,https://web2.ncaa.org/ncaa_style/img/All_Logos/sm//966.gif,586144,https://web2.ncaa.org/ncaa_style/img/All_Logos/sm//190.gif,away,W 3-0,966,Arcadia University,III,www.arcadiaknights.com/,Middle Atlantic Conferences,Arcadia,,Drew University,III,Continental Volleyball Conference,M
5678392,10/29/2024,966,Misericordia,16142,585967,https://web2.ncaa.org/ncaa_style/img/All_Logos/sm//966.gif,585881,https://web2.ncaa.org/ncaa_style/img/All_Logos/sm//16142.gif,home,L 0-3,966,Arcadia University,III,www.arcadiaknights.com/,Middle Atlantic Conferences,Arcadia,,Misericordia University,III,Middle Atlantic Conferences,M
5679169,11/02/2024,966,Penn St. Brandywine,30189,585967,https://web2.ncaa.org/ncaa_style/img/All_Logos/sm//966.gif,593679,https://web2.ncaa.org/ncaa_style/img/All_Logos/sm//30189.gif,away,W 3-0,966,Arcadia University,III,www.arcadiaknights.com/,Middle Atlantic Conferences,Arcadia,,,,,M
5679262,11/02/2024,966,Lancaster Bible,30085,585967,https://web2.ncaa.org/ncaa_style/img/All_Logos/sm//966.gif,586117,https://web2.ncaa.org/ncaa_style/img/All_Logos/sm//30085.gif,away,L 2-3,966,Arcadia University,III,www.arcadiaknights.com/,Middle Atlantic Conferences,Arcadia,,Lancaster Bible College,III,United East Conference,M
5679538,11/06/2024,966,DeSales,20,585967,https://web2.ncaa.org/ncaa_style/img/All_Logos/sm//966.gif,586140,https://web2.ncaa.org/ncaa_style/img/All_Logos/sm//20.gif,home,L 1-3,966,Arcadia University,III,www.arcadiaknights.com/,Middle Atlantic Conferences,Arcadia,,,,,M
5667377,08/30/2024,40,Concordia Wisconsin,1036,586147,https://web2.ncaa.org/ncaa_style/img/All_Logos/sm//40.gif,585970,https://web2.ncaa.org/ncaa_style/img/All_Logos/sm//1036.gif,away,W 3-0,40,Augustana College (Illinois),III,www.athletics.augustana.edu/,College Conference of Illinois & Wisconsin,Augustana (IL),CCIW,Concordia University Wisconsin,III,Northern Athletics Collegiate Conference,M
5667739,08/31/2024,40,Macalester,376,586147,https://web2.ncaa.org/ncaa_style/img/All_Logos/sm//40.gif,586076,https://web2.ncaa.org/ncaa_style/img/All_Logos/sm//376.gif,away,L 1-3,40,Augustana College (Illinois),III,www.athletics.augustana.edu/,College Conference of Illinois & Wisconsin,Augustana (IL),CCIW,,,,M
5667985,08/31/2024,40,St. Catherine,597,586147,https://web2.ncaa.org/ncaa_style/img/All_Logos/sm//40.gif,585796,https://web2.ncaa.org/ncaa_style/img/All_Logos/sm//597.gif,away,L 0-3,40,Augustana College (Illinois),III,www.athletics.augustana.edu/,College Conference of Illinois & Wisconsin,Augustana (IL),CCIW,,,,M
5669050,09/07/2024,40,Benedictine (IL),296,586147,https://web2.ncaa.org/ncaa_style/img/All_Logos/sm//40.gif,586051,https://web2.ncaa.org/ncaa_style/img/All_Logos/sm//296.gif,away,L 2-3,40,Augustana College (Illinois),III,www.athletics.augustana.edu/,College Conference of Illinois & Wisconsin,Augustana (IL),CCIW,Benedictine University (Illinois),III,Northern Athletics Collegiate Conference,M
5669352,09/07/2024,40,Lake Forest,344,586147,https://web2.ncaa.org/ncaa_style/img/All_Logos/sm//40.gif,586069,https://web2.ncaa.org/ncaa_style/img/All_Logos/sm//344.gif,away,W 3-0,40,Augustana College (Illinois),III,www.athletics.augustana.edu/,College Conference of Illinois & Wisconsin,Augustana (IL),CCIW,,,,M
5670409,09/13/2024,40,Greenville,1111,586147,https://web2.ncaa.org/ncaa_style/img/All_Logos/sm//40.gif,585978,https://web2.ncaa.org/ncaa_style/img/All_Logos/sm//1111.gif,home,W 3-1,40,Augustana College (Illinois),III,www.athletics.augustana.edu/,College Conference of Illinois & Wisconsin,Augustana (IL),CCIW,Greenville University,III,Independent,M
5670567,09/13/2024,40,Buena Vista,84,586147,https://web2.ncaa.org/ncaa_style/img/All_Logos/sm//40.gif,586165,https://web2.ncaa.org/ncaa_style/img/All_Logos/sm//84.gif,home,L 1-3,40,Augustana College (Illinois),III,www.athletics.augustana.edu/,College Conference of Illinois & Wisconsin,Augustana (IL),CCIW,,,,M
5670781,09/14/2024,40,DePauw,177,586147,https://web2.ncaa.org/ncaa_style/img/All_Logos/sm//40.gif,586013,https://web2.ncaa.org/ncaa_style/img/All_Logos/sm//177.gif,home,L 2-3,40,Augustana College (Illinois),III,www.athletics.augustana.edu/,College Conference of Illinois & Wisconsin,Augustana (IL),CCIW,,,,M
5671585,09/18/2024,40,Millikin,424,586147,https://web2.ncaa.org/ncaa_style/img/All_Logos/sm//40.gif,586093,https://web2.ncaa.org/ncaa_style/img/All_Logos/sm//424.gif,away,L 1-3,40,Augustana College (Illinois),III,www.athletics.augustana.edu/,College Conference of Illinois & Wisconsin,Augustana (IL),CCIW,,,,M
5672133,09/20/2024,40,Loras,364,586147,https://web2.ncaa.org/ncaa_style/img/All_Logos/sm//40.gif,586072,https://web2.ncaa.org/ncaa_style/img/All_Logos/sm//364.gif,away,W 3-2,40,Augustana College (Illinois),III,www.athletics.augustana.edu/,College Conference of Illinois & Wisconsin,Augustana (IL),CCIW,Loras College,III,College Conference of Illinois & Wisconsin,M
5672128,09/20/2024,40,Grinnell,264,586147,https://web2.ncaa.org/ncaa_style/img/All_Logos/sm//40.gif,586038,https://web2.ncaa.org/ncaa_style/img/All_Logos/sm//264.gif,away,W 3-2,40,Augustana College (Illinois),III,www.athletics.augustana.edu/,College Conference of Illinois & Wisconsin,Augustana (IL),CCIW,,,,M
5672934,09/25/2024,40,Wheaton (IL),778,586147,https://web2.ncaa.org/ncaa_style/img/All_Logos/sm//40.gif,585938,https://web2.ncaa.org/ncaa_style/img/All_Logos/sm//778.gif,home,W 3-2,40,Augustana College (Illinois),III,www.athletics.augustana.edu/,College Conference of Illinois & Wisconsin,Augustana (IL),CCIW,,,,M
5673120,09/27/2024,40,Wartburg,750,586147,https://web2.ncaa.org/ncaa_style/img/All_Logos/sm//40.gif,585923,https://web2.ncaa.org/ncaa_style/img/All_Logos/sm//750.gif,away,L 1-3,40,Augustana College (Illinois),III,www.athletics.augustana.edu/,College Conference of Illinois & Wisconsin,Augustana (IL),CCIW,,,,M
5673324,09/27/2024,40,Wis.-Platteville,800,586147,https://web2.ncaa.org/ncaa_style/img/All_Logos/sm//40.gif,585950,https://web2.ncaa.org/ncaa_style/img/All_Logos/sm//800.gif,away,L 1-3,40,Augustana College (Illinois),III,www.athletics.augustana.edu/,College Conference of Illinois & Wisconsin,Augustana (IL),CCIW,,,,M
5673970,10/01/2024,40,Monmouth (IL),438,586147,https://web2.ncaa.org/ncaa_style/img/All_Logos/sm//40.gif,586095,https://web2.ncaa.org/ncaa_style/img/All_Logos/sm//438.gif,home,W 3-1,40,Augustana College (Illinois),III,www.athletics.augustana.edu/,College Conference of Illinois & Wisconsin,Augustana (IL),CCIW,,,,M
5674227,10/04/2024,40,Carroll (WI),120,586147,https://web2.ncaa.org/ncaa_style/img/All_Logos/sm//40.gif,585908,https://web2.ncaa.org/ncaa_style/img/All_Logos/sm//120.gif,away,L 1-3,40,Augustana College (Illinois),III,www.athletics.augustana.edu/,College Conference of Illinois & Wisconsin,Augustana (IL),CCIW,,,,M
5674392,10/04/2024,40,Dubuque,192,586147,https://web2.ncaa.org/ncaa_style/img/All_Logos/sm//40.gif,586017,https://web2.ncaa.org/ncaa_style/img/All_Logos/sm//192.gif,away,L 1-3,40,Augustana College (Illinois),III,www.athletics.augustana.edu/,College Conference of Illinois & Wisconsin,Augustana (IL),CCIW,,,,M
5675062,10/08/2024,40,Elmhurst,212,586147,https://web2.ncaa.org/ncaa_style/img/All_Logos/sm//40.gif,586022,https://web2.ncaa.org/ncaa_style/img/All_Logos/sm//212.gif,away,L 2-3,40,Augustana College (Illinois),III,www.athletics.augustana.edu/,College Conference of Illinois & Wisconsin,Augustana (IL),CCIW,,,,M
5675365,10/11/2024,40,Wis.-Stout,803,586147,https://web2.ncaa.org/ncaa_style/img/All_Logos/sm//40.gif,585953,https://web2.ncaa.org/ncaa_style/img/All_Logos/sm//803.gif,away,L 0-3,40,Augustana College (Illinois),III,www.athletics.augustana.edu/,College Conference of Illinois & Wisconsin,Augustana (IL),CCIW,,,,M
5675605,10/11/2024,40,Wis.-Stevens Point,802,586147,https://web2.ncaa.org/ncaa_style/img/All_Logos/sm//40.gif,585952,https://web2.ncaa.org/ncaa_style/img/All_Logos/sm//802.gif,away,L 0-3,40,Augustana College (Illinois),III,www.athletics.augustana.edu/,College Conference of Illinois & Wisconsin,Augustana (IL),CCIW,University of Wisconsin-Stevens Point,III,Wisconsin Intercollegiate Athletic Conference,M
5675650,10/12/2024,40,Wis.-Oshkosh,798,586147,https://web2.ncaa.org/ncaa_style/img/All_Logos/sm//40.gif,585949,https://web2.ncaa.org/ncaa_style/img/All_Logos/sm//798.gif,away,L 0-3,40,Augustana College (Illinois),III,www.athletics.augustana.edu/,College Conference of Illinois & Wisconsin,Augustana (IL),CCIW,,,,M
5675806,10/12/2024,40,Wis.-Eau Claire,793,586147,https://web2.ncaa.org/ncaa_style/img/All_Logos/sm//40.gif,585947,https://web2.ncaa.org/ncaa_style/img/All_Logos/sm//793.gif,away,L 0-3,40,Augustana College (Illinois),III,www.athletics.augustana.edu/,College Conference of Illinois & Wisconsin,Augustana (IL),CCIW,,,,M
5676359,10/17/2024,40,Webster,759,586147,https://web2.ncaa.org/ncaa_style/img/All_Logos/sm//40.gif,585928,https://web2.ncaa.org/ncaa_style/img/All_Logos/sm//759.gif,home,W 3-0,40,Augustana College (Illinois),III,www.athletics.augustana.edu/,College Conference of Illinois & Wisconsin,Augustana (IL),CCIW,,,,M
5677390,10/23/2024,40,Ill. Wesleyan,300,586147,https://web2.ncaa.org/ncaa_style/img/All_Logos/sm//40.gif,586053,https://web2.ncaa.org/ncaa_style/img/All_Logos/sm//300.gif,home,L 2-3,40,Augustana College (Illinois),III,www.athletics.augustana.edu/,College Conference of Illinois & Wisconsin,Augustana (IL),CCIW,Illinois Wesleyan University,III,College Conference of Illinois & Wisconsin,M
5677745,10/25/2024,40,North Central (IL),492,586147,https://web2.ncaa.org/ncaa_style/img/All_Logos/sm//40.gif,585759,https://web2.ncaa.org/ncaa_style/img/All_Logos/sm//492.gif,home,W 3-1,40,Augustana College (Illinois),III,www.athletics.augustana.edu/,College Conference of Illinois & Wisconsin,Augustana (IL),CCIW,North Central College,III,College Conference of Illinois & Wisconsin,M
5677936,10/26/2024,40,Wis.-La Crosse,795,586147,https://web2.ncaa.org/ncaa_style/img/All_Logos/sm//40.gif,585948,https://web2.ncaa.org/ncaa_style/img/All_Logos/sm//795.gif,home,W 3-2,40,Augustana College (Illinois),III,www.athletics.augustana.edu/,College Conference of Illinois & Wisconsin,Augustana (IL),CCIW,,,,M
5678833,11/01/2024,40,North Park,496,586147,https://web2.ncaa.org/ncaa_style/img/All_Logos/sm//40.gif,585760,https://web2.ncaa.org/ncaa_style/img/All_Logos/sm//496.gif,away,L 0-3,40,Augustana College (Illinois),III,www.athletics.augustana.edu/,College Conference of Illinois & Wisconsin,Augustana (IL),CCIW,North Park University,III,College Conference of Illinois & Wisconsin,M
5679525,11/06/2024,40,Carthage,121,586147,https://web2.ncaa.org/ncaa_style/img/All_Logos/sm//40.gif,585909,https://web2.ncaa.org/ncaa_style/img/All_Logos/sm//121.gif,home,L 0-3,40,Augustana College (Illinois),III,www.athletics.augustana.edu/,College Conference of Illinois & Wisconsin,Augustana (IL),CCIW,Carthage College,III,College Conference of Illinois & Wisconsin,M
5679687,11/08/2024,40,Neb. Wesleyan,462,586147,https://web2.ncaa.org/ncaa_style/img/All_Logos/sm//40.gif,585751,https://web2.ncaa.org/ncaa_style/img/All_Logos/sm//462.gif,home,L 1-3,40,Augustana College (Illinois),III,www.athletics.augustana.edu/,College Conference of Illinois & Wisconsin,Augustana (IL),CCIW,,,,M
5810642,11/12/2024,40,Carthage,121,586147,https://web2.ncaa.org/ncaa_style/img/All_Logos/sm//40.gif,585909,https://web2.ncaa.org/ncaa_style/img/All_Logos/sm//121.gif,away,L 2-3,40,Augustana College (Illinois),III,www.athletics.augustana.edu/,College Conference of Illinois & Wisconsin,Augustana (IL),CCIW,Carthage College,III,College Conference of Illinois & Wisconsin,M
